,Sales,Quantity,Discount,Profit
Sales,1.0,0.20079477137389426,-0.028190124157538014,0.4790643497377055
Quantity,0.20079477137389426,1.0,0.008622970271157182,0.06625318912428398
Discount,-0.028190124157538014,0.008622970271157182,1.0,-0.2194874563717875
Profit,0.4790643497377055,0.06625318912428398,-0.2194874563717875,1.0
